{"cameraMode":{"drawMode":0,"name":"Shaded","section":"Shading Mode"},"sceneLighting":false,"audioPlay":false,"sceneViewState":{"m_AlwaysRefresh":false,"showFog":true,"showSkybox":false,"showFlares":true,"showImageEffects":true,"showParticleSystems":true,"showVisualEffectGraphs":true,"m_FxEnabled":true},"in2DMode":false,"pivot":{"x":-0.257513165473938,"y":2.0693178176879885,"z":0.7548844814300537},"rotation":{"x":-0.1289152204990387,"y":0.02290208265185356,"z":-0.0029782126657664778,"w":-0.9913871884346008},"size":11.515863418579102,"orthographic":false}